{"features": {"name": "features"}, "local_importance_values": {"name": "local_importance_values"}, "expected_values": {"name": "expected_values"}, "global_names": {"name": "global_names", "max_num_blocks": 3, "block_size": 100, "num_features": 6, "num_blocks": 1}, "global_rank": {"name": "global_rank", "max_num_blocks": 3, "block_size": 100, "num_features": 6, "num_blocks": 1}, "global_values": {"name": "global_values", "max_num_blocks": 3, "block_size": 100, "num_features": 6, "num_blocks": 1}, "visualization_dict": "ExperimentRun/capstone-daib-automl_0/explanation/431a229f/visualization_dict"}