{"testData": "ExperimentRun/capstone-daib-automl_0/explanation/431a229f/eval_data_viz", "trueY": "ExperimentRun/capstone-daib-automl_0/explanation/431a229f/true_ys_viz", "predictedY": "ExperimentRun/capstone-daib-automl_0/explanation/431a229f/ys_pred_viz", "precomputedExplanations.localFeatureImportance.scores": "ExperimentRun/capstone-daib-automl_0/explanation/431a229f/local_importance_values", "dataSummary.featureNames": "ExperimentRun/capstone-daib-automl_0/explanation/431a229f/features", "precomputedExplanations.localFeatureImportance.intercept": "ExperimentRun/capstone-daib-automl_0/explanation/431a229f/expected_values"}