{
    "sympy": "1.14.0",
    "MarkupSafe": "3.0.2",
    "fsspec": "2025.5.1",
    "setuptools": "78.1.1",
    "typing_extensions": "4.12.2",
    "filelock": "3.18.0",
    "py-cpuinfo": "5.0.0",
    "mpmath": "1.3.0",
    "pybind11": "2.13.6",
    "pybind11_global": "2.13.6",
    "joblib": "1.2.0",
    "Jinja2": "3.1.6",
    "torch": "2.6.0",
    "wheel": "0.45.1",
    "pip": "25.1.1",
    "setuptools-git": "1.2",
    "gmpy2": "2.2.1",
    "optree": "0.16.0",
    "comm": "0.2.2",
    "holidays": "0.75",
    "tabulate": "0.9.0",
    "dotnetcore2": "3.1.23",
    "Flask": "3.1.1",
    "gensim": "4.3.2",
    "ml_wrappers": "0.5.6",
    "ipykernel": "6.29.5",
    "cloudpickle": "2.2.1",
    "boto3": "1.20.19",
    "PyNaCl": "1.5.0",
    "traitlets": "5.14.3",
    "nest-asyncio": "1.6.0",
    "opentelemetry-semantic-conventions": "0.55b1",
    "azureml-train-core": "1.60.0",
    "azureml-interpret": "1.60.0",
    "requests": "2.32.4",
    "paramiko": "3.5.1",
    "numba": "0.56.4",
    "opentelemetry-sdk": "1.34.1",
    "google-auth": "2.40.3",
    "azure-common": "1.1.28",
    "pure_eval": "0.2.3",
    "pexpect": "4.9.0",
    "msgpack": "1.1.1",
    "azure-mgmt-resource": "24.0.0",
    "locket": "1.0.0",
    "Pygments": "2.19.1",
    "azureml-core": "1.60.0.post1",
    "mlflow-skinny": "2.15.1",
    "typing-inspection": "0.4.1",
    "pydantic_core": "2.33.2",
    "click": "8.1.8",
    "scipy": "1.10.1",
    "docker": "7.1.0",
    "semver": "2.13.0",
    "gitdb": "4.0.12",
    "cmdstanpy": "1.2.5",
    "azure-mgmt-network": "29.0.0",
    "flask-cors": "6.0.1",
    "azure-storage-queue": "12.12.0",
    "executing": "2.2.0",
    "googleapis-common-protos": "1.70.0",
    "jupyter_core": "5.8.1",
    "prophet": "1.1.4",
    "azureml-automl-runtime": "1.60.0",
    "matplotlib-inline": "0.1.7",
    "idna": "3.10",
    "wcwidth": "0.2.13",
    "azureml-training-tabular": "1.60.0",
    "azureml-responsibleai": "1.60.0",
    "debugpy": "1.8.14",
    "onnxmltools": "1.12.0",
    "ndg-httpsclient": "0.5.1",
    "azure-mgmt-core": "1.5.0",
    "applicationinsights": "0.11.10",
    "itsdangerous": "2.2.0",
    "cryptography": "45.0.4",
    "azure-identity": "1.23.0",
    "sqlparse": "0.5.3",
    "patsy": "1.0.1",
    "llvmlite": "0.39.1",
    "azureml-train-automl": "1.60.0",
    "property-cached": "1.6.4",
    "bokeh": "2.4.3",
    "onnx": "1.17.0",
    "azureml-inference-server-http": "1.4.1",
    "azureml-defaults": "1.60.0",
    "referencing": "0.36.2",
    "azureml-dataprep-native": "41.0.0",
    "pandas": "1.5.3",
    "msal-extensions": "1.3.1",
    "jsonschema-specifications": "2025.4.1",
    "jsonpickle": "4.1.1",
    "isodate": "0.7.2",
    "azureml-train-automl-client": "1.60.0",
    "numpy": "1.23.5",
    "botocore": "1.23.19",
    "azure-graphrbac": "0.61.2",
    "azureml-train-automl-runtime": "1.60.0",
    "keras2onnx": "1.6.0",
    "pyasn1": "0.6.1",
    "sklearn-pandas": "1.7.0",
    "dice-ml": "0.11",
    "oauthlib": "3.3.1",
    "ptyprocess": "0.7.0",
    "platformdirs": "4.2.2",
    "pyasn1_modules": "0.4.2",
    "entrypoints": "0.4",
    "annotated-types": "0.7.0",
    "azureml-pipeline-core": "1.60.0",
    "opentelemetry-api": "1.34.1",
    "pytz": "2024.2",
    "azureml-dataprep-rslex": "2.22.5",
    "pyOpenSSL": "25.1.0",
    "azure-mgmt-storage": "23.0.0",
    "Cython": "3.1.2",
    "PySocks": "1.7.1",
    "contourpy": "1.3.0",
    "smart-open": "6.4.0",
    "PyJWT": "2.10.1",
    "msrestazure": "0.6.4.post1",
    "opencensus-context": "0.1.3",
    "interpret_community": "0.31.0",
    "s3transfer": "0.5.2",
    "rsa": "4.9.1",
    "zict": "3.0.0",
    "google-api-core": "2.25.1",
    "decorator": "5.2.1",
    "backports.tempfile": "1.0",
    "six": "1.17.0",
    "PyYAML": "6.0.2",
    "azureml-dataset-runtime": "1.60.0",
    "coloredlogs": "15.0.1",
    "exceptiongroup": "1.3.0",
    "dataclasses": "0.6",
    "ipython": "8.18.1",
    "msal": "1.32.3",
    "parso": "0.8.4",
    "sparse": "0.15.5",
    "mltable": "1.6.1",
    "toolz": "1.0.0",
    "inference-schema": "1.8",
    "protobuf": "5.29.5",
    "smmap": "5.0.2",
    "gunicorn": "23.0.0",
    "azureml-dataprep": "5.1.6",
    "azureml-train-restclients-hyperdrive": "1.60.0",
    "pillow": "11.2.1",
    "kiwisolver": "1.4.7",
    "stanio": "0.5.1",
    "jedi": "0.19.2",
    "arch": "5.6.0",
    "azure-core": "1.34.0",
    "jeepney": "0.9.0",
    "tqdm": "4.67.1",
    "threadpoolctl": "3.6.0",
    "wrapt": "1.16.0",
    "pycparser": "2.22",
    "termcolor": "3.1.0",
    "databricks-sdk": "0.57.0",
    "python-dateutil": "2.9.0.post0",
    "urllib3": "1.26.20",
    "azure-mgmt-authorization": "4.0.0",
    "msrest": "0.7.1",
    "fusepy": "3.0.1",
    "distro": "1.9.0",
    "PyMeeus": "0.5.12",
    "pyparsing": "3.2.3",
    "rpds-py": "0.25.1",
    "zipp": "3.19.2",
    "partd": "1.4.2",
    "tblib": "3.1.0",
    "argcomplete": "3.6.2",
    "dask": "2023.2.0",
    "jmespath": "0.10.0",
    "fairlearn": "0.7.0",
    "sortedcontainers": "2.4.0",
    "packaging": "24.2",
    "asttokens": "3.0.0",
    "importlib_metadata": "8.0.0",
    "distributed": "2023.2.0",
    "pmdarima": "1.8.5",
    "humanfriendly": "10.0",
    "SecretStorage": "3.3.3",
    "statsmodels": "0.13.5",
    "pathspec": "0.12.1",
    "lightgbm": "4.6.0",
    "onnxconverter-common": "1.13.0",
    "bcrypt": "4.3.0",
    "pyzmq": "27.0.0",
    "azure-mgmt-containerregistry": "13.0.0",
    "certifi": "2025.6.15",
    "flatbuffers": "25.2.10",
    "blinker": "1.9.0",
    "skl2onnx": "1.15.0",
    "azureml-telemetry": "1.60.0",
    "shap": "0.43.0",
    "opencensus": "0.11.4",
    "contextlib2": "21.6.0",
    "adal": "1.2.7",
    "pyarrow": "14.0.2",
    "pydantic": "2.11.7",
    "slicer": "0.0.7",
    "jsonschema": "4.24.0",
    "azureml-automl-core": "1.60.0",
    "responsibleai": "0.36.0",
    "requests-oauthlib": "2.0.0",
    "pydantic-settings": "2.9.1",
    "importlib_resources": "6.4.0",
    "econml": "0.15.1",
    "proto-plus": "1.26.1",
    "opencensus-ext-azure": "1.1.15",
    "convertdate": "2.4.0",
    "xgboost": "1.5.2",
    "onnxruntime": "1.17.3",
    "cachetools": "5.5.2",
    "dill": "0.3.9",
    "fire": "0.7.0",
    "knack": "0.12.0",
    "fonttools": "4.58.4",
    "GitPython": "3.1.44",
    "Werkzeug": "3.1.3",
    "python-dotenv": "1.1.0",
    "attrs": "25.3.0",
    "cycler": "0.12.1",
    "cffi": "1.17.1",
    "stack-data": "0.6.3",
    "matplotlib": "3.9.4",
    "ephem": "4.2",
    "erroranalysis": "0.5.5",
    "azure-storage-blob": "12.19.0",
    "azureml-mlflow": "1.60.0.post1",
    "charset-normalizer": "3.4.2",
    "tornado": "6.5.1",
    "prompt_toolkit": "3.0.51",
    "raiutils": "0.4.2",
    "scikit-learn": "1.5.1",
    "psutil": "5.9.3",
    "pkginfo": "1.12.1.2",
    "azure-mgmt-keyvault": "11.0.0",
    "LunarCalendar": "0.0.9",
    "interpret-core": "0.5.0",
    "backports.weakref": "1.0.post1",
    "jupyter_client": "8.6.3",
    "networkx": "2.5",
    "more-itertools": "10.3.0",
    "jaraco.text": "3.12.1",
    "autocommand": "2.2.2",
    "jaraco.functools": "4.0.1",
    "inflect": "7.3.1",
    "jaraco.collections": "5.1.0",
    "backports.tarfile": "1.2.0",
    "tomli": "2.0.1",
    "jaraco.context": "5.3.0",
    "typeguard": "4.3.0"
}