{
    "schema_name": "pipeline_graph",
    "schema_version": "1.0.0",
    "data": {
        "module_nodes": {
            "00a965b1": {
                "node_id": "00a965b1",
                "name": "MaxAbsScaler",
                "status": "model"
            },
            "51ff7268": {
                "node_id": "51ff7268",
                "name": "LightGBMRegressor",
                "status": "model"
            },
            "745a44c5": {
                "node_id": "745a44c5",
                "name": "Numeric",
                "status": "dataType"
            },
            "c5c07300": {
                "node_id": "c5c07300",
                "name": "MeanImputer",
                "status": "operation"
            },
            "510d11c4": {
                "node_id": "510d11c4",
                "name": "Categorical",
                "status": "dataType"
            },
            "dddf887c": {
                "node_id": "dddf887c",
                "name": "ModeCatImputer-StringCast-LabelEncoder",
                "status": "operation"
            },
            "f1d16b91": {
                "node_id": "f1d16b91",
                "name": "StringCast-CharGramCountVectorizer",
                "status": "operation"
            }
        },
        "edges": [
            {
                "source_node_id": "00a965b1",
                "source_node_name": "",
                "source_name": "",
                "target_name": "",
                "dst_node_id": "51ff7268",
                "dst_node_name": ""
            },
            {
                "source_node_id": "5426da93",
                "source_node_name": "data_source",
                "source_name": "",
                "target_name": "2 col",
                "dst_node_id": "745a44c5",
                "dst_node_name": "Numeric"
            },
            {
                "source_node_id": "745a44c5",
                "source_node_name": "",
                "source_name": "",
                "target_name": "",
                "dst_node_id": "c5c07300",
                "dst_node_name": ""
            },
            {
                "source_node_id": "c5c07300",
                "source_node_name": "",
                "source_name": "",
                "target_name": "1 col",
                "dst_node_id": "00a965b1",
                "dst_node_name": ""
            },
            {
                "source_node_id": "5426da93",
                "source_node_name": "data_source",
                "source_name": "",
                "target_name": "4 col",
                "dst_node_id": "510d11c4",
                "dst_node_name": "Categorical"
            },
            {
                "source_node_id": "510d11c4",
                "source_node_name": "",
                "source_name": "",
                "target_name": "",
                "dst_node_id": "dddf887c",
                "dst_node_name": ""
            },
            {
                "source_node_id": "dddf887c",
                "source_node_name": "",
                "source_name": "",
                "target_name": "1 col",
                "dst_node_id": "00a965b1",
                "dst_node_name": ""
            },
            {
                "source_node_id": "510d11c4",
                "source_node_name": "",
                "source_name": "",
                "target_name": "",
                "dst_node_id": "f1d16b91",
                "dst_node_name": ""
            },
            {
                "source_node_id": "f1d16b91",
                "source_node_name": "",
                "source_name": "",
                "target_name": "1 col",
                "dst_node_id": "00a965b1",
                "dst_node_name": ""
            }
        ],
        "child_runs": [],
        "datasource_nodes": {
            "5426da93": {
                "node_id": "5426da93",
                "name": "data_source - 6 col"
            }
        }
    }
}