{"trueY": "ExperimentRun/capstone-daib-automl_0/explanation/b6d789de/true_ys_viz", "predictedY": "ExperimentRun/capstone-daib-automl_0/explanation/b6d789de/ys_pred_viz", "precomputedExplanations.globalFeatureImportance.scores": "ExperimentRun/capstone-daib-automl_0/explanation/b6d789de/global_values/0", "precomputedExplanations.globalFeatureImportance.featureNames": "ExperimentRun/capstone-daib-automl_0/explanation/b6d789de/global_names/0", "dataSummary.featureNames": "ExperimentRun/capstone-daib-automl_0/explanation/b6d789de/features", "precomputedExplanations.globalFeatureImportance.intercept": "ExperimentRun/capstone-daib-automl_0/explanation/b6d789de/expected_values"}